{"cameraMode":{"drawMode":0,"name":"Shaded","section":"Shading Mode"},"sceneLighting":false,"audioPlay":false,"sceneViewState":{"m_AlwaysRefresh":false,"showFog":true,"showSkybox":false,"showFlares":true,"showImageEffects":true,"showParticleSystems":true,"showVisualEffectGraphs":true,"m_FxEnabled":true},"in2DMode":false,"pivot":{"x":-0.13013215363025666,"y":0.14649389684200288,"z":0.2638902962207794},"rotation":{"x":-0.017731260508298875,"y":-0.9190157651901245,"z":0.04167982190847397,"w":-0.3916776478290558},"size":0.25980764627456667,"orthographic":false}