{"cameraMode":{"drawMode":0,"name":"Shaded","section":"Shading Mode"},"sceneLighting":false,"audioPlay":false,"sceneViewState":{"m_AlwaysRefresh":false,"showFog":true,"showSkybox":false,"showFlares":true,"showImageEffects":true,"showParticleSystems":true,"showVisualEffectGraphs":true,"m_FxEnabled":true},"in2DMode":false,"pivot":{"x":-0.06332415342330933,"y":3.112393617630005,"z":-0.0015200376510620118},"rotation":{"x":0.01725434698164463,"y":-0.22250941395759583,"z":-0.003905337071046233,"w":-0.9747967720031738},"size":3.715733528137207,"orthographic":false}