{"cameraMode":{"drawMode":0,"name":"Shaded","section":"Shading Mode"},"sceneLighting":false,"audioPlay":false,"sceneViewState":{"m_AlwaysRefresh":false,"showFog":true,"showSkybox":false,"showFlares":true,"showImageEffects":true,"showParticleSystems":true,"showVisualEffectGraphs":true,"m_FxEnabled":true},"in2DMode":false,"pivot":{"x":-0.06332412362098694,"y":0.009931027889251709,"z":-0.0015200376510620118},"rotation":{"x":-0.26702871918678286,"y":-0.0037618689239025118,"z":0.0010400672908872367,"w":-0.9636855125427246},"size":1.4066078662872315,"orthographic":false}