{"cameraMode":{"drawMode":0,"name":"Shaded","section":"Shading Mode"},"sceneLighting":false,"audioPlay":false,"sceneViewState":{"m_AlwaysRefresh":false,"showFog":true,"showSkybox":false,"showFlares":true,"showImageEffects":true,"showParticleSystems":true,"showVisualEffectGraphs":true,"m_FxEnabled":true},"in2DMode":false,"pivot":{"x":-0.15557892620563508,"y":-0.07235223799943924,"z":-0.7769784331321716},"rotation":{"x":0.0029634733218699695,"y":-0.9935128092765808,"z":0.11104397475719452,"w":0.025954021140933038},"size":0.7623267769813538,"orthographic":false}