{"cameraMode":{"drawMode":0,"name":"Shaded","section":"Shading Mode"},"sceneLighting":false,"audioPlay":false,"sceneViewState":{"m_AlwaysRefresh":false,"showFog":true,"showSkybox":false,"showFlares":true,"showImageEffects":true,"showParticleSystems":true,"showVisualEffectGraphs":true,"m_FxEnabled":true},"in2DMode":false,"pivot":{"x":0.06338835507631302,"y":0.225927472114563,"z":0.05548686161637306},"rotation":{"x":-0.09117738157510758,"y":0.9035657644271851,"z":-0.24017135798931123,"w":-0.34289512038230898},"size":0.37494364380836489,"orthographic":false}